Benchmark|Implementation|Dataset / Scenario|Mean Time|Throughput|Allocated/Op|Gen0|Verified Correctness
Parsing|FastNumberParser.TryParseInt32|1M Int32 strings|14.3 ns|70,166,575 ops/s|0 B|0|VERIFIED
Parsing|int.TryParse (BCL)|1M Int32 strings|74.4 ns|13,431,924 ops/s|0 B|0|VERIFIED
Mapping|FastMapper.Map|500k DTO instances|221.8 ns|4,509,375 ops/s|1 B|5|VERIFIED
Mapping|Manual Initializer|500k DTO instances|10.4 ns|95,743,255 ops/s|1 B|5|VERIFIED
Allocators|Managed Heap (new byte[])|200k x 16KB|609.1 ns|1,641,800 ops/s|6 B|522|VERIFIED
Allocators|ArrayPool<byte>.Shared|200k x 16KB|56.7 ns|17,637,462 ops/s|0 B|0|VERIFIED
Allocators|NativeMemoryPool.Shared|200k x 16KB|53.0 ns|18,851,918 ops/s|0 B|1|VERIFIED
Allocators|PagingArenaAllocator|200k x 16KB|4.7 ns|211,729,833 ops/s|0 B|0|VERIFIED
SPSC|ConcurrentQueue<int>|2M items 2 threads|21.9 ns|45,631,159 ops/s|8 B|2|VERIFIED
SPSC|ZeroRingBuffer<int>|2M items 2 threads|10.9 ns|91,672,052 ops/s|0 B|0|VERIFIED
MPMC|ConcurrentQueue<int>|2M items 4P/4C|81.7 ns|12,241,633 ops/s|8 B|2|VERIFIED
MPMC|ZeroMpmcRingBuffer<int>|2M items 4P/4C|105.6 ns|9,468,877 ops/s|0 B|0|VERIFIED
Channels|System.Threading.Channels|500k bounded 1024|137.1 ns|7,293,925 ops/s|0 B|0|VERIFIED
Channels|ZeroChannel<int>|500k bounded 1024|126.5 ns|7,906,888 ops/s|0 B|0|VERIFIED
AsyncPromise|TaskCompletionSource<int>|1M sync completions|66.4 ns|15,061,262 ops/s|3 B|16|VERIFIED
AsyncPromise|ZeroPromise<int>|1M sync completions|66.2 ns|15,113,868 ops/s|0 B|0|VERIFIED
